abomasnow-mega.png,no460눈설왕-(메가진화).png
abomasnow.png,no460눈설왕.png
abra.png,no063캐이시.png
absol-mega.png,no359앱솔-(메가진화).png
absol.png,no359앱솔.png
accelgor.png,no617어지리더.png
aegislash-blade.png,no681킬가르도-(블레이드폼).png
aegislash.png,no681킬가르도.png
aerodactyl-mega.png,no142프테라-(메가진화).png
aerodactyl.png,no142프테라.png
aggron-mega.png,no306보스로라-(메가진화).png
aggron.png,no306보스로라.png
aipom.png,no190에이팜.png
alakazam-mega.png,no065후딘-(메가진화).png
alakazam.png,no065후딘.png
alcremie-caramel-swirl-berry.png,no869마휘핑-캐러멜-믹스-베리사탕공예.png
alcremie-caramel-swirl-clover.png,no869마휘핑-캐러멜-믹스-네잎사탕공예.png
alcremie-caramel-swirl-flower.png,no869마휘핑-캐러멜-믹스-꽃사탕공예.png
alcremie-caramel-swirl-love.png,no869마휘핑-캐러멜-믹스-하트사탕공예.png
alcremie-caramel-swirl-plain.png,no869마휘핑-캐러멜-믹스-플레인.png
alcremie-caramel-swirl-ribbon.png,no869마휘핑-캐러멜-믹스-리본사탕공예.png
alcremie-caramel-swirl-star.png,no869마휘핑-캐러멜-믹스-스타사탕공예.png
alcremie-caramel-swirl-strawberry.png,no869마휘핑-캐러멜-믹스-딸기사탕공예.png
alcremie-gmax.png,no869마휘핑-(거다이맥스).png
alcremie-lemon-cream-berry.png,no869마휘핑-레몬-밀키-베리사탕공예.png
alcremie-lemon-cream-clover.png,no869마휘핑-레몬-밀키-네잎사탕공예.png
alcremie-lemon-cream-flower.png,no869마휘핑-레몬-밀키-꽃사탕공예.png
alcremie-lemon-cream-love.png,no869마휘핑-레몬-밀키-하트사탕공예.png
alcremie-lemon-cream-plain.png,no869마휘핑-레몬-밀키-플레인.png
alcremie-lemon-cream-ribbon.png,no869마휘핑-레몬-밀키-리본사탕공예.png
alcremie-lemon-cream-star.png,no869마휘핑-레몬-밀키-스타사탕공예.png
alcremie-lemon-cream-strawberry.png,no869마휘핑-레몬-밀키-딸기사탕공예.png
alcremie-matcha-cream-berry.png,no869마휘핑-말차-밀키-베리사탕공예.png
alcremie-matcha-cream-clover.png,no869마휘핑-말차-밀키-네잎사탕공예.png
alcremie-matcha-cream-flower.png,no869마휘핑-말차-밀키-꽃사탕공예.png
alcremie-matcha-cream-love.png,no869마휘핑-말차-밀키-하트사탕공예.png
alcremie-matcha-cream-plain.png,no869마휘핑-말차-밀키-플레인.png
alcremie-matcha-cream-ribbon.png,no869마휘핑-말차-밀키-리본사탕공예.png
alcremie-matcha-cream-star.png,no869마휘핑-말차-밀키-스타사탕공예.png
alcremie-matcha-cream-strawberry.png,no869마휘핑-말차-밀키-딸기사탕공예.png
alcremie-mint-cream-berry.png,no869마휘핑-민트-밀키-베리사탕공예.png
alcremie-mint-cream-clover.png,no869마휘핑-민트-밀키-네잎사탕공예.png
alcremie-mint-cream-flower.png,no869마휘핑-민트-밀키-꽃사탕공예.png
alcremie-mint-cream-love.png,no869마휘핑-민트-밀키-하트사탕공예.png
alcremie-mint-cream-plain.png,no869마휘핑-민트-밀키-플레인.png
alcremie-mint-cream-ribbon.png,no869마휘핑-민트-밀키-리본사탕공예.png
alcremie-mint-cream-star.png,no869마휘핑-민트-밀키-스타사탕공예.png
alcremie-mint-cream-strawberry.png,no869마휘핑-민트-밀키-딸기사탕공예.png
alcremie-rainbow-swirl-berry.png,no869마휘핑-트리플-믹스-베리사탕공예.png
alcremie-rainbow-swirl-clover.png,no869마휘핑-트리플-믹스-네잎사탕공예.png
alcremie-rainbow-swirl-flower.png,no869마휘핑-트리플-믹스-꽃사탕공예.png
alcremie-rainbow-swirl-love.png,no869마휘핑-트리플-믹스-하트사탕공예.png
alcremie-rainbow-swirl-plain.png,no869마휘핑-트리플-믹스-플레인.png
alcremie-rainbow-swirl-ribbon.png,no869마휘핑-트리플-믹스-리본사탕공예.png
alcremie-rainbow-swirl-star.png,no869마휘핑-트리플-믹스-스타사탕공예.png
alcremie-rainbow-swirl-strawberry.png,no869마휘핑-트리플-믹스-딸기사탕공예.png
alcremie-ruby-cream-berry.png,no869마휘핑-루비-밀키-베리사탕공예.png
alcremie-ruby-cream-clover.png,no869마휘핑-루비-밀키-네잎사탕공예.png
alcremie-ruby-cream-flower.png,no869마휘핑-루비-밀키-꽃사탕공예.png
alcremie-ruby-cream-love.png,no869마휘핑-루비-밀키-하트사탕공예.png
alcremie-ruby-cream-plain.png,no869마휘핑-루비-밀키-플레인.png
alcremie-ruby-cream-ribbon.png,no869마휘핑-루비-밀키-리본사탕공예.png
alcremie-ruby-cream-star.png,no869마휘핑-루비-밀키-스타사탕공예.png
alcremie-ruby-cream-strawberry.png,no869마휘핑-루비-밀키-딸기사탕공예.png
alcremie-ruby-swirl-berry.png,no869마휘핑-루비-믹스-베리사탕공예.png
alcremie-ruby-swirl-clover.png,no869마휘핑-루비-믹스-네잎사탕공예.png
alcremie-ruby-swirl-flower.png,no869마휘핑-루비-믹스-꽃사탕공예.png
alcremie-ruby-swirl-love.png,no869마휘핑-루비-믹스-하트사탕공예.png
alcremie-ruby-swirl-plain.png,no869마휘핑-루비-믹스-플레인.png
alcremie-ruby-swirl-ribbon.png,no869마휘핑-루비-믹스-리본사탕공예.png
alcremie-ruby-swirl-star.png,no869마휘핑-루비-믹스-스타사탕공예.png
alcremie-ruby-swirl-strawberry.png,no869마휘핑-루비-믹스-딸기사탕공예.png
alcremie-salted-cream-berry.png,no869마휘핑-솔트-밀키-베리사탕공예.png
alcremie-salted-cream-clover.png,no869마휘핑-솔트-밀키-네잎사탕공예.png
alcremie-salted-cream-flower.png,no869마휘핑-솔트-밀키-꽃사탕공예.png
alcremie-salted-cream-love.png,no869마휘핑-솔트-밀키-하트사탕공예.png
alcremie-salted-cream-plain.png,no869마휘핑-솔트-밀키-플레인.png
alcremie-salted-cream-ribbon.png,no869마휘핑-솔트-밀키-리본사탕공예.png
alcremie-salted-cream-star.png,no869마휘핑-솔트-밀키-스타사탕공예.png
alcremie-salted-cream-strawberry.png,no869마휘핑-솔트-밀키-딸기사탕공예.png
alcremie-vanilla-cream-berry.png,no869마휘핑-바닐라-밀키-베리사탕공예.png
alcremie-vanilla-cream-clover.png,no869마휘핑-바닐라-밀키-네잎사탕공예.png
alcremie-vanilla-cream-flower.png,no869마휘핑-바닐라-밀키-꽃사탕공예.png
alcremie-vanilla-cream-love.png,no869마휘핑-바닐라-밀키-하트사탕공예.png
alcremie-vanilla-cream-plain.png,no869마휘핑-바닐라-밀키-플레인.png
alcremie-vanilla-cream-ribbon.png,no869마휘핑-바닐라-밀키-리본사탕공예.png
alcremie-vanilla-cream-star.png,no869마휘핑-바닐라-밀키-스타사탕공예.png
alcremie-vanilla-cream-strawberry.png,no869마휘핑-바닐라-밀키-딸기사탕공예.png
alcremie.png,no869마휘핑.png
alomomola.png,no594맘복치.png
altaria-mega.png,no334파비코리-(메가진화).png
altaria.png,no334파비코리.png
amaura.png,no698아마루스.png
ambipom.png,no424겟핸보숭.png
amoonguss.png,no591뽀록나.png
ampharos-mega.png,no181전룡-(메가진화).png
ampharos.png,no181전룡.png
anorith.png,no347아노딥스.png
appletun.png,no842단지래플.png
applin.png,no840과사삭벌레.png
araquanid.png,no752깨비물거미.png
arbok.png,no024아보크.png
arcanine-hisui-noble.png,no059윈디-히스이-(폭주).png
arcanine-hisui.png,no059윈디-히스이.png
arcanine.png,no059윈디.png
arceus-bug.png,no493아르세우스-(벌레).png
arceus-dark.png,no493아르세우스-(악).png
arceus-dragon.png,no493아르세우스-(드래곤).png
arceus-electric.png,no493아르세우스-electric.png
arceus-fairy.png,no493아르세우스-(페어리).png
arceus-fighting.png,no493아르세우스-(격투).png
arceus-fire.png,no493아르세우스-(불꽃).png
arceus-flying.png,no493아르세우스-(비행).png
arceus-ghost.png,no493아르세우스-(고스트).png
arceus-grass.png,no493아르세우스-(풀).png
arceus-ground.png,no493아르세우스-(땅).png
arceus-ice.png,no493아르세우스-(얼음).png
arceus-poison.png,no493아르세우스-(독).png
arceus-psychic.png,no493아르세우스-(에스퍼).png
arceus-rock.png,no493아르세우스-(바위).png
arceus-steel.png,no493아르세우스-(강철).png
arceus-unknown.png,no493아르세우스-(알려지지않은타입).png
arceus-water.png,no493아르세우스-(물).png
arceus.png,no493아르세우스.png
archen.png,no566아켄.png
archeops.png,no567아케오스.png
arctovish.png,no883어치르돈.png
arctozolt.png,no881파치르돈.png
ariados.png,no168아리아도스.png
armaldo.png,no348아말도.png
aromatisse.png,no683프레프티르.png
aron.png,no304가보리.png
arrokuda.png,no846찌로꼬치.png
articuno-galar.png,no144프리져-가라르.png
articuno.png,no144프리져.png
audino-mega.png,no531다부니-(메가진화).png
audino.png,no531다부니.png
aurorus.png,no699아마루르가.png
avalugg-hisui-noble.png,no713크레베이스-히스이-(폭주).png
avalugg-hisui.png,no713크레베이스-히스이.png
avalugg.png,no713크레베이스.png
axew.png,no610터검니.png
azelf.png,no482아그놈.png
azumarill.png,no184마릴리.png
azurill.png,no298루리리.png
bagon.png,no371아공이.png
baltoy.png,no343오뚝군.png
banette-mega.png,no354다크펫-(메가진화).png
banette.png,no354다크펫.png
barbaracle.png,no689거북손데스.png
barboach.png,no339미꾸리.png
barraskewda.png,no847꼬치조.png
basculegion-f.png,no902대쓰여너-♀.png
basculegion.png,no902대쓰여너.png
basculin-blue-striped.png,no550배쓰나이-파랑-줄무늬.png
basculin-white-striped.png,no550배쓰나이-하양-줄무늬.png
basculin.png,no550배쓰나이.png
bastiodon.png,no411바리톱스.png
bayleef.png,no153베이리프.png
beartic.png,no614툰베어.png
beautifly.png,no267뷰티플라이.png
beedrill-mega.png,no015독침붕-(메가진화).png
beedrill.png,no015독침붕.png
beheeyem.png,no606벰크.png
beldum.png,no374메탕.png
bellossom.png,no182아르코.png
bellsprout.png,no069모다피.png
bergmite.png,no712꽁어름.png
bewear.png,no760이븐곰.png
bibarel.png,no400비버통.png
bidoof.png,no399비버니.png
binacle.png,no688거북손손.png
bisharp.png,no625절각참.png
blacephalon.png,no806두파팡.png
blastoise-gmax.png,no009거북왕-(거다이맥스).png
blastoise-mega.png,no009거북왕-(메가진화).png
blastoise.png,no009거북왕.png
blaziken-mega.png,no257번치코-(메가진화).png
blaziken.png,no257번치코.png
blipbug.png,no824두루지벌레.png
blissey.png,no242해피너스.png
blitzle.png,no522줄뮤마.png
boldore.png,no525암트르.png
boltund.png,no836펄스멍.png
bonsly.png,no438꼬지지.png
bouffalant.png,no626버프론.png
bounsweet.png,no761달콤아.png
braixen.png,no654테르나.png
braviary-hisui.png,no628워글-히스이.png
braviary.png,no628워글.png
breloom.png,no286버섯모.png
brionne.png,no729키요공.png
bronzong.png,no437동탁군.png
bronzor.png,no436동미러.png
bruxish.png,no779치갈기.png
budew.png,no406꼬몽울.png
buizel.png,no418브이젤.png
bulbasaur.png,no001이상해씨.png
buneary.png,no427이어롤.png
bunnelby.png,no659파르빗.png
burmy-sandy.png,no412도롱충이-(모래땅도롱).png
burmy-trash.png,no412도롱충이-(슈레도롱).png
burmy.png,no412도롱충이.png
butterfree-gmax.png,no012버터플-(거다이맥스).png
butterfree.png,no012버터플.png
buzzwole.png,no794매시붕.png
cacnea.png,no331선인왕.png
cacturne.png,no332밤선인.png
calyrex-icerider.png,no898버드렉스-(백마탄모습).png
calyrex-shadowrider.png,no898버드렉스-(흑마탄모습).png
calyrex.png,no898버드렉스.png
camerupt-mega.png,no323폭타-(메가진화).png
camerupt.png,no323폭타.png
carbink.png,no703멜리시.png
carkol.png,no838탄차곤.png
carnivine.png,no455무스틈니.png
carracosta.png,no565늑골라.png
carvanha.png,no318샤프니아.png
cascoon.png,no268카스쿤.png
castform-rainy.png,no351캐스퐁-(빗방울의모습).png
castform-snowy.png,no351캐스퐁-(설운의모습).png
castform-sunny.png,no351캐스퐁-(태양의모습).png
castform.png,no351캐스퐁.png
caterpie.png,no010캐터피.png
celebi.png,no251세레비.png
celesteela.png,no797철화구야.png
centiskorch-gmax.png,no851다태우지네-(거다이맥스).png
centiskorch.png,no851다태우지네.png
chandelure.png,no609샹델라.png
chansey.png,no113럭키.png
charizard-gmax.png,no006리자몽-(거다이맥스).png
charizard-megax.png,no006리자몽-(메가진화X).png
charizard-megay.png,no006리자몽-(메가진화Y).png
charizard.png,no006리자몽.png
charjabug.png,no737전지충이.png
charmander.png,no004파이리.png
charmeleon.png,no005리자드.png
chatot.png,no441페라페.png
cherrim-sunshine.png,no421체리꼬-(포지폼).png
cherrim.png,no421체리꼬.png
cherubi.png,no420체리버.png
chesnaught.png,no652브리가론.png
chespin.png,no650도치마론.png
chewtle.png,no833깨물부기.png
chikorita.png,no152치코리타.png
chimchar.png,no390불꽃숭이.png
chimecho.png,no358치렁.png
chinchou.png,no170초라기.png
chingling.png,no433랑딸랑.png
cinccino.png,no573치라치노.png
cinderace-gmax.png,no815에이스번-(거다이맥스).png
cinderace.png,no815에이스번.png
clamperl.png,no366진주몽.png
clauncher.png,no692완철포.png
clawitzer.png,no693블로스터.png
claydol.png,no344점토도리.png
clefable.png,no036픽시.png
clefairy.png,no035삐삐.png
cleffa.png,no173삐.png
clobbopus.png,no852때때무노.png
cloyster.png,no091파르셀.png
coalossal-gmax.png,no839석탄산-(거다이맥스).png
coalossal.png,no839석탄산.png
cobalion.png,no638코바르온.png
cofagrigus.png,no563데스니칸.png
combee.png,no415세꿀버리.png
combusken.png,no256영치코.png
comfey.png,no764큐아링.png
conkeldurr.png,no534노보청.png
copperajah-gmax.png,no879대왕끼리동-(거다이맥스).png
copperajah.png,no879대왕끼리동.png
corphish.png,no341가재군.png
corsola-galar.png,no222코산호-가라르.png
corsola.png,no222코산호.png
corviknight-gmax.png,no823아머까오-(거다이맥스).png
corviknight.png,no823아머까오.png
corvisquire.png,no822파크로우.png
cosmoem.png,no790코스모움.png
cosmog.png,no789코스모그.png
cottonee.png,no546소미안.png
crabominable.png,no740모단단게.png
crabrawler.png,no739오기지게.png
cradily.png,no346릴리요.png
cramorant-gorging.png,no845윽우지-(통째로삼킨모습).png
cramorant-gulping.png,no845윽우지-(그대로삼킨모습).png
cramorant.png,no845윽우지.png
cranidos.png,no408두개도스.png
crawdaunt.png,no342가재장군.png
cresselia.png,no488크레세리아.png
croagunk.png,no453삐딱구리.png
crobat.png,no169크로뱃.png
croconaw.png,no159엘리게이.png
crustle.png,no558암팰리스.png
cryogonal.png,no615프리지오.png
cubchoo.png,no613코고미.png
cubone.png,no104탕구리.png
cufant.png,no878끼리동.png
cursola.png,no864산호르곤.png
cutiefly.png,no742에블리.png
cyndaquil.png,no155브케인.png
darkrai.png,no491다크라이.png
darmanitan-galar-zen.png,no555불비달마-가라르-(달마모드).png
darmanitan-galar.png,no555불비달마-가라르.png
darmanitan-zen.png,no555불비달마-(달마모드).png
darmanitan.png,no555불비달마.png
dartrix.png,no723빼미스로우.png
darumaka-galar.png,no554달막화-가라르.png
darumaka.png,no554달막화.png
decidueye-hisui.png,no724모크나이퍼-히스이.png
decidueye.png,no724모크나이퍼.png
dedenne.png,no702데덴네.png
deerling-autumn.png,no585사철록-(가을).png
deerling-summer.png,no585사철록-(여름).png
deerling-winter.png,no585사철록-(겨울).png
deerling.png,no585사철록.png
deino.png,no633모노두.png
delcatty.png,no301델케티.png
delibird.png,no225딜리버드.png
delphox.png,no655마폭시.png
deoxys-attack.png,no386테오키스-(어택폼).png
deoxys-defense.png,no386테오키스-(디펜스폼).png
deoxys-speed.png,no386테오키스-(스피드폼).png
deoxys.png,no386테오키스.png
dewgong.png,no087쥬레곤.png
dewott.png,no502쌍검자비.png
dewpider.png,no751물거미.png
dhelmise.png,no781타타륜.png
dialga-origin.png,no483디아루가-(오리진폼).png
dialga.png,no483디아루가.png
diancie-mega.png,no719디안시-(메가진화).png
diancie.png,no719디안시.png
diggersby.png,no660파르토.png
diglett-alola.png,no050디그다-알로라.png
diglett.png,no050디그다.png
ditto.png,no132메타몽.png
dodrio.png,no085두트리오.png
doduo.png,no084두두.png
donphan.png,no232코리갑.png
dottler.png,no825레돔벌레.png
doublade.png,no680쌍검킬.png
dracovish.png,no882어래곤.png
dracozolt.png,no880파치래곤.png
dragalge.png,no691드래캄.png
dragapult.png,no887드래펄트.png
dragonair.png,no148신뇽.png
dragonite.png,no149망나뇽.png
drakloak.png,no886드래런치.png
drampa.png,no780할비롱.png
drapion.png,no452드래피온.png
dratini.png,no147미뇽.png
drednaw-gmax.png,no834갈가부기-(거다이맥스).png
drednaw.png,no834갈가부기.png
dreepy.png,no885드라꼰.png
drifblim.png,no426둥실라이드.png
drifloon.png,no425흔들풍손.png
drilbur.png,no529두더류.png
drizzile.png,no817누겔레온.png
drowzee.png,no096슬리프.png
druddigon.png,no621크리만.png
dubwool.png,no832배우르.png
ducklett.png,no580꼬지보리.png
dugtrio-alola.png,no051닥트리오-알로라.png
dugtrio.png,no051닥트리오.png
dunsparce.png,no206노고치.png
duosion.png,no578듀란.png
duraludon-gmax.png,no884두랄루돈-(거다이맥스).png
duraludon.png,no884두랄루돈.png
durant.png,no632아이앤트.png
dusclops.png,no356미라몽.png
dusknoir.png,no477야느와르몽.png
duskull.png,no355해골몽.png
dustox.png,no269독케일.png
dwebble.png,no557돌살이.png
eelektrik.png,no603저리릴.png
eelektross.png,no604저리더프.png
eevee-gmax.png,no133이브이-(거다이맥스).png
eevee-starter.png,no133이브이-(스타터팩).png
eevee.png,no133이브이.png
eiscue-noice.png,no875빙큐보-(나이스페이스).png
eiscue.png,no875빙큐보.png
ekans.png,no023아보.png
eldegoss.png,no830백솜모카.png
electabuzz.png,no125에레브.png
electivire.png,no466에레키블.png
electrike.png,no309썬더라이.png
electrode-hisui-noble.png,no101붐볼-히스이-(폭주).png
electrode-hisui.png,no101붐볼-히스이.png
electrode.png,no101붐볼.png
elekid.png,no239에레키드.png
elgyem.png,no605리그레.png
emboar.png,no500염무왕.png
emolga.png,no587에몽가.png
empoleon.png,no395엠페르트.png
enamorus-therian.png,no905러브로스-(영물폼).png
enamorus.png,no905러브로스.png
entei.png,no244앤테이.png
escavalier.png,no589슈바르고.png
espeon.png,no196에브이.png
espurr.png,no677냐스퍼.png
eternatus-eternamax.png,no890무한다이노-(무한다이맥스).png
eternatus.png,no890무한다이노.png
excadrill.png,no530몰드류.png
exeggcute.png,no102아라리.png
exeggutor-alola.png,no103나시-알로라.png
exeggutor.png,no103나시.png
exploud.png,no295폭음룡.png
falinks.png,no870대여르.png
farfetchd-galar.png,no083파오리-가라르.png
farfetchd.png,no083파오리.png
fearow.png,no022깨비드릴조.png
feebas.png,no349빈티나.png
fennekin.png,no653푸호꼬.png
feraligatr.png,no160장크로다일.png
ferroseed.png,no597철시드.png
ferrothorn.png,no598너트령.png
finneon.png,no456형광어.png
flaaffy.png,no180보송송.png
flabebe-blue.png,no669플라베베-파랑.png
flabebe-orange.png,no669플라베베-주황.png
flabebe-white.png,no669플라베베-하양.png
flabebe-yellow.png,no669플라베베-노랑.png
flabebe.png,no669플라베베.png
flapple-gmax.png,no841애프룡-(거다이맥스).png
flapple.png,no841애프룡.png
flareon.png,no136부스터.png
fletchinder.png,no662불화살빈.png
fletchling.png,no661화살꼬빈.png
floatzel.png,no419플로젤.png
floette-blue.png,no670플라엣테-파랑.png
floette-eternal.png,no670플라엣테-(영원의꽃).png
floette-orange.png,no670플라엣테-주황.png
floette-white.png,no670플라엣테-하양.png
floette-yellow.png,no670플라엣테-노랑.png
floette.png,no670플라엣테.png
florges-blue.png,no671플라제스-파랑.png
florges-orange.png,no671플라제스-주황.png
florges-white.png,no671플라제스-하양.png
florges-yellow.png,no671플라제스-노랑.png
florges.png,no671플라제스.png
flygon.png,no330플라이곤.png
fomantis.png,no753짜랑랑.png
foongus.png,no590깜놀버슬.png
forretress.png,no205쏘콘.png
fraxure.png,no611액슨도.png
frillish-f.png,no592탱그릴-♀.png
frillish.png,no592탱그릴.png
froakie.png,no656개구마르.png
frogadier.png,no657개굴반장.png
froslass.png,no478눈여아.png
frosmoth.png,no873모스노우.png
furfrou-dandy.png,no676트리미앙-(젠틀컷).png
furfrou-debutante.png,no676트리미앙-(레이디컷).png
furfrou-diamond.png,no676트리미앙-(다이아컷).png
furfrou-heart.png,no676트리미앙-(하트컷).png
furfrou-kabuki.png,no676트리미앙-(가부키컷).png
furfrou-lareine.png,no676트리미앙-(퀸컷).png
furfrou-matron.png,no676트리미앙-(마담컷).png
furfrou-pharaoh.png,no676트리미앙-(킹덤컷).png
furfrou-starcut.png,no676트리미앙-(스타컷).png
furfrou.png,no676트리미앙.png
furret.png,no162다꼬리.png
gabite.png,no444한바이트.png
gallade-mega.png,no475엘레이드-(메가진화).png
gallade.png,no475엘레이드.png
galvantula.png,no596전툴라.png
garbodor-gmax.png,no569더스트나-(거다이맥스).png
garbodor.png,no569더스트나.png
garchomp-mega.png,no445한카리아스-(메가진화).png
garchomp.png,no445한카리아스.png
gardevoir-mega.png,no282가디안-(메가진화).png
gardevoir.png,no282가디안.png
gastly.png,no092고오스.png
gastrodon-east.png,no423트리토돈-(동쪽의모습).png
gastrodon.png,no423트리토돈.png
genesect-burn.png,no649게노세크트-(블레이즈).png
genesect-chill.png,no649게노세크트-(프리즈).png
genesect-douse.png,no649게노세크트-(아쿠아).png
genesect-shock.png,no649게노세크트-(라이트닝).png
genesect.png,no649게노세크트.png
gengar-gmax.png,no094팬텀-(거다이맥스).png
gengar-mega.png,no094팬텀-(메가진화).png
gengar.png,no094팬텀.png
geodude-alola.png,no074꼬마돌-알로라.png
geodude.png,no074꼬마돌.png
gible.png,no443딥상어동.png
gigalith.png,no526기가이어스.png
girafarig.png,no203키링키.png
giratina-origin.png,no487기라티나-(오리진폼).png
giratina.png,no487기라티나.png
glaceon.png,no471글레이시아.png
glalie-mega.png,no362얼음귀신-(메가진화).png
glalie.png,no362얼음귀신.png
glameow.png,no431나옹마.png
glastrier.png,no896블리자포스.png
gligar.png,no207글라이거.png
gliscor.png,no472글라이온.png
gloom.png,no044냄새꼬.png
gogoat.png,no673고고트.png
golbat.png,no042골뱃.png
goldeen.png,no118콘치.png
golduck.png,no055골덕.png
golem-alola.png,no076딱구리-알로라.png
golem.png,no076딱구리.png
golett.png,no622골비람.png
golisopod.png,no768갑주무사.png
golurk.png,no623골루그.png
goodra-hisui.png,no706미끄래곤-히스이.png
goodra.png,no706미끄래곤.png
goomy.png,no704미끄메라.png
gorebyss.png,no368분홍장이.png
gossifleur.png,no829꼬모카.png
gothita.png,no574고디탱.png
gothitelle.png,no576고디모아젤.png
gothorita.png,no575고디보미.png
gourgeist.png,no711펌킨인.png
granbull.png,no210그랑블루.png
grapploct.png,no853케오퍼스.png
graveler-alola.png,no075데구리-알로라.png
graveler.png,no075데구리.png
greedent.png,no820요씽리스.png
greninja-ash.png,no658개굴닌자-(지우의포켓몬).png
greninja.png,no658개굴닌자.png
grimer-alola.png,no088질퍽이-알로라.png
grimer.png,no088질퍽이.png
grimmsnarl-gmax.png,no861오롱털-(거다이맥스).png
grimmsnarl.png,no861오롱털.png
grookey.png,no810흥나숭.png
grotle.png,no388수풀부기.png
groudon-primal.png,no383그란돈-(원시).png
groudon.png,no383그란돈.png
grovyle.png,no253나무돌이.png
growlithe-hisui.png,no058가디-히스이.png
growlithe.png,no058가디.png
grubbin.png,no736턱지충이.png
grumpig.png,no326피그킹.png
gulpin.png,no316꼴깍몬.png
gumshoos.png,no735형사구스.png
gurdurr.png,no533토쇠골.png
guzzlord.png,no799악식킹.png
gyarados-mega.png,no130갸라도스-(메가진화).png
gyarados.png,no130갸라도스.png
hakamo-o.png,no783짜랑고우.png
happiny.png,no440핑복.png
hariyama.png,no297하리뭉.png
hatenna.png,no856몸지브림.png
hatterene-gmax.png,no858브리무음-(거다이맥스).png
hatterene.png,no858브리무음.png
hattrem.png,no857손지브림.png
haunter.png,no093고우스트.png
hawlucha.png,no701루차불.png
haxorus.png,no612액스라이즈.png
heatmor.png,no631앤티골.png
heatran.png,no485히드런.png
heliolisk.png,no695일레도리자드.png
helioptile.png,no694목도리키텔.png
heracross-mega.png,no214헤라크로스-(메가진화).png
heracross.png,no214헤라크로스.png
herdier.png,no507하데리어.png
hippopotas-f.png,no449히포포타스-♀.png
hippopotas.png,no449히포포타스.png
hippowdon-f.png,no450하마돈-♀.png
hippowdon.png,no450하마돈.png
hitmonchan.png,no107홍수몬.png
hitmonlee.png,no106시라소몬.png
hitmontop.png,no237카포에라.png
ho-oh.png,no250칠색조.png
honchkrow.png,no430돈크로우.png
honedge.png,no679단칼빙.png
hoopa-unbound.png,no720후파-(굴레를벗어난후파).png
hoopa.png,no720후파.png
hoothoot.png,no163부우부.png
hoppip.png,no187통통코.png
horsea.png,no116쏘드라.png
houndoom-mega.png,no229헬가-(메가진화).png
houndoom.png,no229헬가.png
houndour.png,no228델빌.png
huntail.png,no367헌테일.png
hydreigon.png,no635삼삼드래.png
hypno.png,no097슬리퍼.png
igglybuff.png,no174푸푸린.png
illumise.png,no314네오비트.png
impidimp.png,no859메롱꿍.png
incineroar.png,no727어흥염.png
indeedee-f.png,no876에써르-♀.png
indeedee.png,no876에써르.png
infernape.png,no392초염몽.png
inkay.png,no686오케이징.png
inteleon-gmax.png,no818인텔리레온-(거다이맥스).png
inteleon.png,no818인텔리레온.png
ivysaur.png,no002이상해풀.png
jangmo-o.png,no782짜랑꼬.png
jellicent-f.png,no593탱탱겔-♀.png
jellicent.png,no593탱탱겔.png
jigglypuff.png,no039푸린.png
jirachi.png,no385지라치.png
jolteon.png,no135쥬피썬더.png
joltik.png,no595파쪼옥.png
jumpluff.png,no189솜솜코.png
jynx.png,no124루주라.png
kabuto.png,no140투구.png
kabutops.png,no141투구푸스.png
kadabra.png,no064윤겔라.png
kakuna.png,no014딱충이.png
kangaskhan-mega.png,no115캥카-(메가진화).png
kangaskhan.png,no115캥카.png
karrablast.png,no588딱정곤.png
kartana.png,no798종이신도.png
kecleon.png,no352켈리몬.png
keldeo-resolute.png,no647케르디오-(각오의모습).png
keldeo.png,no647케르디오.png
kingdra.png,no230킹드라.png
kingler-gmax.png,no099킹크랩-(거다이맥스).png
kingler.png,no099킹크랩.png
kirlia.png,no281킬리아.png
klang.png,no600기기어르.png
kleavor-noble.png,no900사마자르-(폭주).png
kleavor.png,no900사마자르.png
klefki.png,no707클레피.png
klink.png,no599기어르.png
klinklang.png,no601기기기어르.png
koffing.png,no109또가스.png
komala.png,no775자말라.png
kommo-o.png,no784짜랑고우거.png
krabby.png,no098크랩.png
kricketot.png,no401귀뚤뚜기.png
kricketune.png,no402귀뚤톡크.png
krokorok.png,no552악비르.png
krookodile.png,no553악비아르.png
kubfu.png,no891치고마.png
kyogre-primal.png,no382가이오가-(원시).png
kyogre.png,no382가이오가.png
kyurem-bl.png,no646큐레무-bl.png
kyurem-wh.png,no646큐레무-wh.png
kyurem.png,no646큐레무.png
lairon.png,no305갱도라.png
lampent.png,no608램프라.png
landorus-therian.png,no645랜드로스-(영물폼).png
landorus.png,no645랜드로스.png
lanturn.png,no171랜턴.png
lapras-gmax.png,no131라프라스-(거다이맥스).png
lapras.png,no131라프라스.png
larvesta.png,no636활화르바.png
larvitar.png,no246애버라스.png
latias-mega.png,no380라티아스-(메가진화).png
latias.png,no380라티아스.png
latios-mega.png,no381라티오스-(메가진화).png
latios.png,no381라티오스.png
leafeon.png,no470리피아.png
leavanny.png,no542모아머.png
ledian.png,no166레디안.png
ledyba.png,no165레디바.png
lickilicky.png,no463내룸벨트.png
lickitung.png,no108내루미.png
liepard.png,no510레파르다스.png
lileep.png,no345릴링.png
lilligant-hisui-noble.png,no549드레디어-히스이-(폭주).png
lilligant-hisui.png,no549드레디어-히스이.png
lilligant.png,no549드레디어.png
lillipup.png,no506요테리.png
linoone-galar.png,no264직구리-가라르.png
linoone.png,no264직구리.png
litleo.png,no667레오꼬.png
litten.png,no725냐오불.png
litwick.png,no607불켜미.png
lombre.png,no271로토스.png
lopunny-mega.png,no428이어롭-(메가진화).png
lopunny.png,no428이어롭.png
lotad.png,no270연꽃몬.png
loudred.png,no294노공룡.png
lucario-mega.png,no448루카리오-(메가진화).png
lucario.png,no448루카리오.png
ludicolo.png,no272로파파.png
lugia-shadow.png,no249루기아-(어둠의루기아).png
lugia.png,no249루기아.png
lumineon.png,no457네오라이트.png
lunala.png,no792루나아라.png
lunatone.png,no337루나톤.png
lurantis.png,no754라란티스.png
luvdisc.png,no370사랑동이.png
luxio.png,no404럭시오.png
luxray.png,no405렌트라.png
lycanroc-dusk.png,no745루가루암-(황혼의모습).png
lycanroc-midnight.png,no745루가루암-(한밤중의모습).png
lycanroc.png,no745루가루암.png
machamp-gmax.png,no068괴력몬-(거다이맥스).png
machamp.png,no068괴력몬.png
machoke.png,no067근육몬.png
machop.png,no066알통몬.png
magby.png,no240마그비.png
magcargo.png,no219마그카르고.png
magearna-original.png,no801마기아나-original.png
magearna.png,no801마기아나.png
magikarp.png,no129잉어킹.png
magmar.png,no126마그마.png
magmortar.png,no467마그마번.png
magnemite.png,no081코일.png
magneton.png,no082레어코일.png
magnezone.png,no462자포코일.png
makuhita.png,no296마크탕.png
malamar.png,no687칼라마네로.png
mamoswine.png,no473맘모꾸리.png
manaphy.png,no490마나피.png
mandibuzz.png,no630버랜지나.png
manectric-mega.png,no310썬더볼트-(메가진화).png
manectric.png,no310썬더볼트.png
mankey.png,no056망키.png
mantine.png,no226만타인.png
mantyke.png,no458타만타.png
maractus.png,no556마라카치.png
mareanie.png,no747시마사리.png
mareep.png,no179메리프.png
marill.png,no183마릴.png
marowak-alola.png,no105텅구리-알로라.png
marowak.png,no105텅구리.png
marshadow-gen7.png,no802마샤도-(7세대).png
marshadow.png,no802마샤도.png
marshtomp.png,no259늪짱이.png
masquerain.png,no284비나방.png
mawile-mega.png,no303입치트-(메가진화).png
mawile.png,no303입치트.png
medicham-mega.png,no308요가램-(메가진화).png
medicham.png,no308요가램.png
meditite.png,no307요가랑.png
meganium.png,no154메가니움.png
melmetal-gmax.png,no809멜메탈-(거다이맥스).png
melmetal.png,no809멜메탈.png
meloetta-pirouette.png,no648메로엣타-pirouette.png
meloetta.png,no648메로엣타.png
meltan.png,no808멜탄.png
meowstic-f.png,no678냐오닉스-♀.png
meowstic.png,no678냐오닉스.png
meowth-alola.png,no052나옹-알로라.png
meowth-galar.png,no052나옹-가라르.png
meowth-gmax.png,no052나옹-(거다이맥스).png
meowth.png,no052나옹.png
mesprit.png,no481엠라이트.png
metagross-mega.png,no376메타그로스-(메가진화).png
metagross.png,no376메타그로스.png
metang.png,no375메탕구.png
metapod.png,no011단데기.png
mew.png,no151뮤.png
mewtwo-megax.png,no150뮤츠-(메가진화X).png
mewtwo-megay.png,no150뮤츠-(메가진화Y).png
mewtwo.png,no150뮤츠.png
mienfoo.png,no619비조푸.png
mienshao.png,no620비조도.png
mightyena.png,no262그라에나.png
milcery.png,no868마빌크.png
milotic.png,no350밀로틱.png
miltank.png,no241밀탱크.png
mime-jr.png,no439흉내내.png
mimikyu.png,no778따라큐.png
minccino.png,no572치라미.png
minior-blue-gen7.png,no774메테노-파랑-(7세대).png
minior-blue.png,no774메테노-파랑.png
minior-green-gen7.png,no774메테노-초록-(7세대).png
minior-green.png,no774메테노-초록.png
minior-indigo-gen7.png,no774메테노-군청-(7세대).png
minior-indigo.png,no774메테노-군청.png
minior-orange-gen7.png,no774메테노-주황-(7세대).png
minior-orange.png,no774메테노-주황.png
minior-red-gen7.png,no774메테노-빨강-(7세대).png
minior-red.png,no774메테노-빨강.png
minior-violet-gen7.png,no774메테노-포라-(7세대).png
minior-violet.png,no774메테노-포라.png
minior-yellow-gen7.png,no774메테노-노랑-(7세대).png
minior-yellow.png,no774메테노-노랑.png
minior.png,no774메테노.png
minun.png,no312마이농.png
misdreavus.png,no200무우마.png
mismagius.png,no429무우마직.png
moltres-galar.png,no146파이어-가라르.png
moltres.png,no146파이어.png
monferno.png,no391파이숭이.png
morelull.png,no755자마슈.png
morgrem.png,no860쏘겨모.png
morpeko-hangry.png,no877모르페코-(배고픈모양).png
morpeko.png,no877모르페코.png
mothim.png,no414나메일.png
mr-mime-galar.png,no122마임맨-가라르.png
mr-mime.png,no122마임맨.png
mr-rime.png,no866마임꽁꽁.png
mudbray.png,no749머드나기.png
mudkip.png,no258물짱이.png
mudsdale.png,no750만마드.png
muk-alola.png,no089질뻐기-알로라.png
muk.png,no089질뻐기.png
munchlax.png,no446먹고자.png
munna.png,no517몽나.png
murkrow.png,no198니로우.png
musharna.png,no518몽얌나.png
naganadel.png,no804아고용.png
natu.png,no177네이티.png
necrozma-dawn.png,no800네크로즈마-(새벽의날개).png
necrozma-dusk2.png,no800네크로즈마-(황혼의갈기).png
necrozma-ultra.png,no800네크로즈마-(울트라네크로즈마).png
necrozma.png,no800네크로즈마.png
nickit.png,no827훔처우.png
nidoking.png,no034니드킹.png
nidoqueen.png,no031니드퀸.png
nidoran♀.png,no029니드런♀.png
nidoran♂.png,no032니드런♂.png
nidorina.png,no030니드리나.png
nidorino.png,no033니드리노.png
nihilego.png,no793텅비드.png
nincada.png,no290토중몬.png
ninetales-alola.png,no038나인테일-알로라.png
ninetales.png,no038나인테일.png
ninjask.png,no291아이스크.png
noctowl.png,no164야부엉.png
noibat.png,no714음뱃.png
noivern.png,no715음번.png
nosepass.png,no299코코파스.png
numel.png,no322둔타.png
nuzleaf.png,no274잎새코.png
obstagoon.png,no862가로막구리.png
octillery.png,no224대포무노.png
oddish.png,no043뚜벅쵸.png
omanyte.png,no138암나이트.png
omastar.png,no139암스타.png
onix.png,no095롱스톤.png
oranguru.png,no765하랑우탄.png
orbeetle-gmax.png,no826이올브-(거다이맥스).png
orbeetle.png,no826이올브.png
oricorio-pau.png,no741춤추새-(훌라훌라스타일).png
oricorio-pompom.png,no741춤추새-(파칙파칙스타일).png
oricorio-sensu.png,no741춤추새-(하늘하늘스타일).png
oricorio.png,no741춤추새.png
oshawott.png,no501수댕이.png
overqwil.png,no904장침바루.png
pachirisu.png,no417파치리스.png
palkia-origin.png,no484펄기아-(오리진폼).png
palkia.png,no484펄기아.png
palossand.png,no770모래성이당.png
palpitoad.png,no536두까비.png
pancham.png,no674판짱.png
pangoro.png,no675부란다.png
panpour.png,no515앗차프.png
pansage.png,no511야나프.png
pansear.png,no513바오프.png
paras.png,no046파라스.png
parasect.png,no047파라섹트.png
passimian.png,no766내던숭이.png
patrat.png,no504보르쥐.png
pawniard.png,no624자망칼.png
pelipper.png,no279패리퍼.png
perrserker.png,no863나이킹.png
persian-alola.png,no053페르시온-알로라.png
persian.png,no053페르시온.png
petilil.png,no548치릴리.png
phanpy.png,no231코코리.png
phantump.png,no708나목령.png
pheromosa.png,no795페로코체.png
phione.png,no489피오네.png
pichu-spikyeared.png,no172피츄-(삐죽귀피츄).png
pichu.png,no172피츄.png
pidgeot-mega.png,no018피죤투-(메가진화).png
pidgeot.png,no018피죤투.png
pidgeotto.png,no017피죤.png
pidgey.png,no016구구.png
pidove.png,no519콩둘기.png
pignite.png,no499챠오꿀.png
pikachu-alolacap.png,no025피카츄-(알로라캡).png
pikachu-belle.png,no025피카츄-(마담피카츄).png
pikachu-cosplay.png,no025피카츄-(옷갈아입기피카츄).png
pikachu-f-alolacap.png,no025피카츄-♀-(알로라캡).png
pikachu-f-hoenncap.png,no025피카츄-♀-(호연캡).png
pikachu-f-kaloscap.png,no025피카츄-♀-(칼로스캡).png
pikachu-f-originalcap.png,no025피카츄-♀-(오리지널캡).png
pikachu-f-partnercap.png,no025피카츄-♀-(파트너캡).png
pikachu-f-sinnohcap.png,no025피카츄-♀-(신오캡).png
pikachu-f-starter.png,no025피카츄-♀-(스타터팩).png
pikachu-f-unovacap.png,no025피카츄-♀-(하나캡).png
pikachu-f-worldcap.png,no025피카츄-♀-(월드캡).png
pikachu-f.png,no025피카츄-♀.png
pikachu-gmax.png,no025피카츄-(거다이맥스).png
pikachu-hoenncap.png,no025피카츄-(호연캡).png
pikachu-kaloscap.png,no025피카츄-(칼로스캡).png
pikachu-libre.png,no025피카츄-(마스크드피카츄).png
pikachu-originalcap.png,no025피카츄-(오리지널캡).png
pikachu-partnercap.png,no025피카츄-(파트너캡).png
pikachu-phd.png,no025피카츄-(닥터피카츄).png
pikachu-popstar.png,no025피카츄-(아이돌피카츄).png
pikachu-rockstar.png,no025피카츄-(하드록피카츄).png
pikachu-sinnohcap.png,no025피카츄-(신오캡).png
pikachu-starter.png,no025피카츄-(스타터팩).png
pikachu-unovacap.png,no025피카츄-(하나캡).png
pikachu-worldcap.png,no025피카츄-(월드캡).png
pikachu.png,no025피카츄.png
pikipek.png,no731콕코구리.png
piloswine.png,no221메꾸리.png
pincurchin.png,no871찌르성게.png
pineco.png,no204피콘.png
pinsir-mega.png,no127쁘사이저-(메가진화).png
pinsir.png,no127쁘사이저.png
piplup.png,no393팽도리.png
plusle.png,no311플러시.png
poipole.png,no803베베놈.png
politoed.png,no186왕구리.png
poliwag.png,no060발챙이.png
poliwhirl.png,no061슈륙챙이.png
poliwrath.png,no062강챙이.png
polteageist.png,no855포트데스.png
ponyta-galar.png,no077포니타-가라르.png
ponyta.png,no077포니타.png
poochyena.png,no261포챠나.png
popplio.png,no728누리공.png
porygon-z.png,no474폴리곤Z.png
porygon1.png,no137폴리곤.png
porygon2.png,no233폴리곤2.png
primarina.png,no730누리레느.png
primeape.png,no057성원숭.png
prinplup.png,no394팽태자.png
probopass.png,no476대코파스.png
psyduck.png,no054고라파덕.png
pumpkaboo.png,no710호바귀.png
pupitar.png,no247데기라스.png
purrloin.png,no509쌔비냥.png
purugly.png,no432몬냥이.png
pyroar-f.png,no668화염레오-♀.png
pyroar.png,no668화염레오.png
pyukumuku.png,no771해무기.png
quagsire.png,no195누오.png
quilava.png,no156마그케인.png
quilladin.png,no651도치보구.png
qwilfish-hisui.png,no211침바루-히스이.png
qwilfish.png,no211침바루.png
raboot.png,no814래비풋.png
raichu-alola.png,no026라이츄-알로라.png
raichu.png,no026라이츄.png
raikou.png,no243라이코.png
ralts.png,no280랄토스.png
rampardos.png,no409램펄드.png
rapidash-galar.png,no078날쌩마-가라르.png
rapidash.png,no078날쌩마.png
raticate-alola.png,no020레트라-알로라.png
raticate.png,no020레트라.png
rattata-alola.png,no019꼬렛-알로라.png
rattata.png,no019꼬렛.png
rayquaza-mega.png,no384레쿠쟈-(메가진화).png
rayquaza.png,no384레쿠쟈.png
regice.png,no378레지아이스.png
regidrago.png,no895레지드래고.png
regieleki.png,no894레지에레키.png
regigigas.png,no486레지기가스.png
regirock.png,no377레지락.png
registeel.png,no379레지스틸.png
relicanth.png,no369시라칸.png
remoraid.png,no223총어.png
reshiram.png,no643레시라무.png
reuniclus.png,no579란쿨루스.png
rhydon.png,no112코뿌리.png
rhyhorn.png,no111뿔카노.png
rhyperior.png,no464거대코뿌리.png
ribombee.png,no743에리본.png
rillaboom-gmax.png,no812고릴타-(거다이맥스).png
rillaboom.png,no812고릴타.png
riolu.png,no447리오르.png
rockruff.png,no744암멍이.png
roggenrola.png,no524단굴.png
rolycoly.png,no837탄동.png
rookidee.png,no821파라꼬.png
roselia.png,no315로젤리아.png
roserade.png,no407로즈레이드.png
rotom-fan.png,no479로토무-(스핀로토무).png
rotom-frost.png,no479로토무-(프로스트로토무).png
rotom-heat.png,no479로토무-(히트로토무).png
rotom-mow.png,no479로토무-(커트로토무).png
rotom-wash.png,no479로토무-(워시로토무).png
rotom.png,no479로토무.png
rowlet.png,no722나몰빼미.png
rufflet.png,no627수리둥보.png
runerigus.png,no867데스판.png
sableye-mega.png,no302깜까미-(메가진화).png
sableye.png,no302깜까미.png
salamence-mega.png,no373보만다-(메가진화).png
salamence.png,no373보만다.png
salandit.png,no757야도뇽.png
salazzle.png,no758염뉴트.png
samurott-hisui.png,no503대검귀-히스이.png
samurott.png,no503대검귀.png
sandaconda-gmax.png,no844사다이사-(거다이맥스).png
sandaconda.png,no844사다이사.png
sandile.png,no551깜눈크.png
sandshrew-alola.png,no027모래두지-알로라.png
sandshrew.png,no027모래두지.png
sandslash-alola.png,no028고지-알로라.png
sandslash.png,no028고지.png
sandygast.png,no769모래꿍.png
sawk.png,no539타격귀.png
sawsbuck-autumn.png,no586바라철록-(가을).png
sawsbuck-summer.png,no586바라철록-(여름).png
sawsbuck-winter.png,no586바라철록-(겨울).png
sawsbuck.png,no586바라철록.png
scatterbug.png,no664분이벌레.png
sceptile-mega.png,no254나무킹-(메가진화).png
sceptile.png,no254나무킹.png
scizor-mega.png,no212핫삼-(메가진화).png
scizor.png,no212핫삼.png
scolipede.png,no545펜드라.png
scorbunny.png,no813염버니.png
scrafty.png,no560곤율거니.png
scraggy.png,no559곤율랭.png
scyther.png,no123스라크.png
seadra.png,no117시드라.png
seaking.png,no119왕콘치.png
sealeo.png,no364씨레오.png
seedot.png,no273도토링.png
seel.png,no086쥬쥬.png
seismitoad.png,no537두빅굴.png
sentret.png,no161꼬리선.png
serperior.png,no497샤로다.png
servine.png,no496샤비.png
seviper.png,no336세비퍼.png
sewaddle.png,no540두르보.png
sharpedo-mega.png,no319샤크니아-(메가진화).png
sharpedo.png,no319샤크니아.png
shaymin-sky.png,no492쉐이미-(스카이폼).png
shaymin.png,no492쉐이미.png
shedinja.png,no292껍질몬.png
shelgon.png,no372쉘곤.png
shellder.png,no090셀러.png
shellos-east.png,no422깝질무-(동쪽의모습).png
shellos.png,no422깝질무.png
shelmet.png,no616쪼마리.png
shieldon.png,no410방패톱스.png
shiftry.png,no275다탱구.png
shiinotic.png,no756마셰이드.png
shinx.png,no403꼬링크.png
shroomish.png,no285버섯꼬.png
shuckle.png,no213단단지.png
shuppet.png,no353어둠대신.png
sigilyph.png,no561심보러.png
silcoon.png,no266실쿤.png
silicobra.png,no843모래뱀.png
silvally-bug.png,no773실버디-(벌레).png
silvally-dark.png,no773실버디-(악).png
silvally-dragon.png,no773실버디-(드래곤).png
silvally-electric.png,no773실버디-electric.png
silvally-fairy.png,no773실버디-(페어리).png
silvally-fighting.png,no773실버디-(격투).png
silvally-fire.png,no773실버디-(불꽃).png
silvally-flying.png,no773실버디-(비행).png
silvally-ghost.png,no773실버디-(고스트).png
silvally-grass.png,no773실버디-(풀).png
silvally-ground.png,no773실버디-(땅).png
silvally-ice.png,no773실버디-(얼음).png
silvally-poison.png,no773실버디-(독).png
silvally-psychic.png,no773실버디-(에스퍼).png
silvally-rock.png,no773실버디-(바위).png
silvally-steel.png,no773실버디-(강철).png
silvally-water.png,no773실버디-(물).png
silvally.png,no773실버디.png
simipour.png,no516앗차키.png
simisage.png,no512야나키.png
simisear.png,no514바오키.png
sinistea.png,no854데인차.png
sirfetchd.png,no865창파나이트.png
sizzlipede.png,no850태우지네.png
skarmory.png,no227무장조.png
skiddo.png,no672메이클.png
skiploom.png,no188두코.png
skitty.png,no300에나비.png
skorupi.png,no451스콜피.png
skrelp.png,no690수레기.png
skuntank.png,no435스컹탱크.png
skwovet.png,no819탐리스.png
slaking.png,no289게을킹.png
slakoth.png,no287게을로.png
sliggoo-hisui.png,no705미끄네일-히스이.png
sliggoo.png,no705미끄네일.png
slowbro-galar.png,no080야도란-가라르.png
slowbro-mega.png,no080야도란-(메가진화).png
slowbro.png,no080야도란.png
slowking-galar.png,no199야도킹-가라르.png
slowking.png,no199야도킹.png
slowpoke-galar.png,no079야돈-가라르.png
slowpoke.png,no079야돈.png
slugma.png,no218마그마그.png
slurpuff.png,no685나루림.png
smeargle.png,no235루브도.png
smoochum.png,no238뽀뽀라.png
sneasel-hisui.png,no215포푸니-히스이.png
sneasel.png,no215포푸니.png
sneasler.png,no903포프니크.png
snivy.png,no495주리비얀.png
snom.png,no872누니머기.png
snorlax-gmax.png,no143잠만보-(거다이맥스).png
snorlax.png,no143잠만보.png
snorunt.png,no361눈꼬마.png
snover.png,no459눈쓰개.png
snubbull.png,no209블루.png
sobble.png,no816울머기.png
solgaleo.png,no791솔가레오.png
solosis.png,no577유니란.png
solrock.png,no338솔록.png
spearow.png,no021깨비참.png
spectrier.png,no897레이스포스.png
spewpa.png,no665분떠도리.png
spheal.png,no363대굴레오.png
spinarak.png,no167페이검.png
spinda.png,no327얼루기.png
spiritomb.png,no442화강돌.png
spoink.png,no325피그점프.png
spritzee.png,no682슈쁘.png
squirtle.png,no007꼬부기.png
stakataka.png,no805차곡차곡.png
stantler.png,no234노라키.png
staraptor.png,no398찌르호크.png
staravia.png,no397찌르버드.png
starly.png,no396찌르꼬.png
starmie.png,no121아쿠스타.png
staryu.png,no120별가사리.png
steelix-mega.png,no208강철톤-(메가진화).png
steelix.png,no208강철톤.png
steenee.png,no762달무리나.png
stonjourner.png,no874돌헨진.png
stoutland.png,no508바랜드.png
stufful.png,no759포곰곰.png
stunfisk-galar.png,no618메더-가라르.png
stunfisk.png,no618메더.png
stunky.png,no434스컹뿡.png
sudowoodo.png,no185꼬지모.png
suicune.png,no245스이쿤.png
sunflora.png,no192해루미.png
sunkern.png,no191해너츠.png
surskit.png,no283비구술.png
swablu.png,no333파비코.png
swadloon.png,no541두르쿤.png
swalot.png,no317꿀꺽몬.png
swampert-mega.png,no260대짱이-(메가진화).png
swampert.png,no260대짱이.png
swanna.png,no581스완나.png
swellow.png,no277스왈로.png
swinub.png,no220꾸꾸리.png
swirlix.png,no684나룸퍼프.png
swoobat.png,no528맘박쥐.png
sylveon.png,no700님피아.png
taillow.png,no276테일로.png
talonflame.png,no663파이어로.png
tangela.png,no114덩쿠리.png
tangrowth.png,no465덩쿠림보.png
tapu-bulu.png,no787카푸브루루.png
tapu-fini.png,no788카푸느지느.png
tapu-koko.png,no785카푸꼬꼬꼭.png
tapu-lele.png,no786카푸나비나.png
tauros.png,no128켄타로스.png
teddiursa.png,no216깜지곰.png
tentacool.png,no072왕눈해.png
tentacruel.png,no073독파리.png
tepig.png,no498뚜꾸리.png
terrakion.png,no639테라키온.png
thievul.png,no828폭슬라이.png
throh.png,no538던지미.png
thundurus-therian.png,no642볼트로스-(영물폼).png
thundurus.png,no642볼트로스.png
thwackey.png,no811채키몽.png
timburr.png,no532으랏차.png
tirtouga.png,no564프로토가.png
togedemaru.png,no777토게데마루.png
togekiss.png,no468토게키스.png
togepi.png,no175토게피.png
togetic.png,no176토게틱.png
torchic.png,no255아차모.png
torkoal.png,no324코터스.png
tornadus-therian.png,no641토네로스-(영물폼).png
tornadus.png,no641토네로스.png
torracat.png,no726냐오히트.png
torterra.png,no389토대부기.png
totodile.png,no158리아코.png
toucannon.png,no733왕큰부리.png
toxapex.png,no748더시마사리.png
toxel.png,no848일레즌.png
toxicroak.png,no454독개굴.png
toxtricity-gmax.png,no849스트린더-(거다이맥스).png
toxtricity-lowkey.png,no849스트린더-(로우한모습).png
toxtricity.png,no849스트린더.png
tranquill.png,no520유토브.png
trapinch.png,no328톱치.png
treecko.png,no252나무지기.png
trevenant.png,no709대로트.png
tropius.png,no357트로피우스.png
trubbish.png,no568깨봉이.png
trumbeak.png,no732크라파.png
tsareena.png,no763달코퀸.png
turtonator.png,no776폭거북스.png
turtwig.png,no387모부기.png
tympole.png,no535동챙이.png
tynamo.png,no602저리어.png
type-null.png,no772타입:널.png
typhlosion-hisui.png,no157블레이범-히스이.png
typhlosion.png,no157블레이범.png
tyranitar-mega.png,no248마기라스-(메가진화).png
tyranitar.png,no248마기라스.png
tyrantrum.png,no697견고라스.png
tyrogue.png,no236배루키.png
tyrunt.png,no696티고라스.png
umbreon.png,no197블래키.png
unfezant-f.png,no521켄호로우-♀.png
unfezant.png,no521켄호로우.png
unown-b.png,no201안농-b.png
unown-c.png,no201안농-c.png
unown-d.png,no201안농-d.png
unown-e.png,no201안농-e.png
unown-exclamation.png,no201안농-느낌표.png
unown-ff.png,no201안농-f.png
unown-g.png,no201안농-g.png
unown-h.png,no201안농-h.png
unown-i.png,no201안농-i.png
unown-j.png,no201안농-j.png
unown-k.png,no201안농-k.png
unown-l.png,no201안농-l.png
unown-mm.png,no201안농-m.png
unown-n.png,no201안농-n.png
unown-o.png,no201안농-o.png
unown-p.png,no201안농-p.png
unown-q.png,no201안농-q.png
unown-question.png,no201안농-물음표.png
unown-r.png,no201안농-r.png
unown-s.png,no201안농-s.png
unown-t.png,no201안농-t.png
unown-u.png,no201안농-u.png
unown-v.png,no201안농-v.png
unown-w.png,no201안농-w.png
unown-x.png,no201안농-x.png
unown-y.png,no201안농-y.png
unown-z.png,no201안농-z.png
unown.png,no201안농.png
ursaluna.png,no901다투곰.png
ursaring.png,no217링곰.png
urshifu-gmax.png,no892우라오스-(거다이맥스).png
urshifu-rapidstrike-gmax.png,no892우라오스-(연격의태세)-(거다이맥스).png
urshifu.png,no892우라오스.png
uxie.png,no480유크시.png
vanillish.png,no583바닐리치.png
vanillite.png,no582바닐프티.png
vanilluxe.png,no584배바닐라.png
vaporeon.png,no134샤미드.png
venipede.png,no543마디네.png
venomoth.png,no049도나리.png
venonat.png,no048콘팡.png
venusaur-gmax.png,no003이상해꽃-(거다이맥스).png
venusaur-mega.png,no003이상해꽃-(메가진화).png
venusaur.png,no003이상해꽃.png
vespiquen.png,no416비퀸.png
vibrava.png,no329비브라바.png
victini.png,no494비크티니.png
victreebel.png,no071우츠보트.png
vigoroth.png,no288발바로.png
vikavolt.png,no738투구뿌논.png
vileplume.png,no045라플레시아.png
virizion.png,no640비리디온.png
vivillon-archipelago.png,no666비비용-(군도).png
vivillon-continental.png,no666비비용-(대륙).png
vivillon-elegant.png,no666비비용-(우아한).png
vivillon-fancy.png,no666비비용-(팬시).png
vivillon-garden.png,no666비비용-(정원).png
vivillon-highplains.png,no666비비용-(황야).png
vivillon-icysnow.png,no666비비용-(빙설).png
vivillon-jungle.png,no666비비용-(정글).png
vivillon-marine.png,no666비비용-(대양).png
vivillon-modern.png,no666비비용-(모던).png
vivillon-monsoon.png,no666비비용-(스콜).png
vivillon-ocean.png,no666비비용-(오션).png
vivillon-pokeball.png,no666비비용-(포켓볼).png
vivillon-polar.png,no666비비용-(설국).png
vivillon-river.png,no666비비용-(대하).png
vivillon-sandstorm.png,no666비비용-(사막).png
vivillon-savanna.png,no666비비용-(사바나).png
vivillon-sun.png,no666비비용-(태양).png
vivillon-tundra.png,no666비비용-(설원).png
vivillon.png,no666비비용.png
volbeat.png,no313볼비트.png
volcanion.png,no721볼케니온.png
volcarona.png,no637불카모스.png
voltorb-hisui.png,no100찌리리공-히스이.png
voltorb.png,no100찌리리공.png
vullaby.png,no629벌차이.png
vulpix-alola.png,no037식스테일-알로라.png
vulpix.png,no037식스테일.png
wailmer.png,no320고래왕자.png
wailord.png,no321고래왕.png
walrein.png,no365씨카이저.png
wartortle.png,no008어니부기.png
watchog.png,no505보르그.png
weavile.png,no461포푸니라.png
weedle.png,no013뿔충이.png
weepinbell.png,no070우츠동.png
weezing-galar.png,no110또도가스-가라르.png
weezing.png,no110또도가스.png
whimsicott.png,no547엘풍.png
whirlipede.png,no544휠구.png
whiscash.png,no340메깅.png
whismur.png,no293소곤룡.png
wigglytuff.png,no040푸크린.png
wimpod.png,no767꼬시레.png
wingull.png,no278갈모매.png
wishiwashi-school.png,no746약어리-(군집의모습).png
wishiwashi.png,no746약어리.png
wobbuffet-f.png,no202마자용-♀.png
wobbuffet.png,no202마자용.png
woobat.png,no527또르박쥐.png
wooloo.png,no831우르.png
wooper.png,no194우파.png
wormadam-sandy.png,no413도롱마담-(모래땅도롱).png
wormadam-trash.png,no413도롱마담-(슈레도롱).png
wormadam.png,no413도롱마담.png
wurmple.png,no265개무소.png
wynaut.png,no360마자.png
wyrdeer.png,no899신비록.png
xatu.png,no178네이티오.png
xerneas-active.png,no716제르네아스-(액티브모드).png
xerneas.png,no716제르네아스.png
xurkitree.png,no796전수목.png
yamask-galar.png,no562데스마스-가라르.png
yamask.png,no562데스마스.png
yamper.png,no835멍파치.png
yanma.png,no193왕자리.png
yanmega.png,no469메가자리.png
yungoos.png,no734영구스.png
yveltal.png,no717이벨타르.png
zacian-swordcrowned.png,no888자시안-(검왕).png
zacian.png,no888자시안.png
zamazenta-shieldcrowned.png,no889자마젠타-(방패왕).png
zamazenta.png,no889자마젠타.png
zangoose.png,no335쟝고.png
zapdos-galar.png,no145썬더-가라르.png
zapdos.png,no145썬더.png
zarude-dada.png,no893자루도-dada.png
zarude.png,no893자루도.png
zebstrika.png,no523제브라이카.png
zekrom.png,no644제크로무.png
zeraora.png,no807제라오라.png
zigzagoon-galar.png,no263지그제구리-가라르.png
zigzagoon.png,no263지그제구리.png
zoroark-hisui.png,no571조로아크-히스이.png
zoroark.png,no571조로아크.png
zorua-hisui.png,no570조로아-히스이.png
zorua.png,no570조로아.png
zubat.png,no041주뱃.png
zweilous.png,no634디헤드.png
zygarde-10.png,no718지가르데-(10%폼).png
zygarde-complete.png,no718지가르데-(퍼펙트폼).png
zygarde.png,no718지가르데.png
